/*
#######################################################################################################
DATA FROM "SYSTEM"."CORE_CONTACT"
#######################################################################################################
*/
INSERT INTO SYSTEM.CORE_CONTACT (ID_CONTACT,NICKNAME_OWNER,BUSINESS_NAME,TRADENAME,FIRSTNAMES,LASTNAMES,TYPE_USER,DESCRIPTION,OBSERVATIONS,OBJECTIVE,CREATION_DATE,STATE,ERASED) values ('1','NICKNAME_OWNER_1','BUSINESS_NAME_1','JUAN PÉREZ','FIRSTNAMES_1','LASTNAMES_1','TYPE_USER_1','DESCRIPTION_1','OBSERVATIONS_1','OBJECTIVE_1',to_timestamp_tz('27/08/22 11:59:20,000000000 AMERICA/BOGOTA','DD/MM/RR HH24:MI:SSXFF TZR'),'1','1');
INSERT INTO SYSTEM.CORE_CONTACT (ID_CONTACT,NICKNAME_OWNER,BUSINESS_NAME,TRADENAME,FIRSTNAMES,LASTNAMES,TYPE_USER,DESCRIPTION,OBSERVATIONS,OBJECTIVE,CREATION_DATE,STATE,ERASED) values ('2','NICKNAME_OWNER_2','BUSINESS_NAME_2','PAUL CRUCES','FIRSTNAMES_2','LASTNAMES_2','TYPE_USER_2','DESCRIPTION_2','OBSERVATIONS_2','OBJECTIVE_2',to_timestamp_tz('27/08/22 11:59:20,000000000 AMERICA/BOGOTA','DD/MM/RR HH24:MI:SSXFF TZR'),'1','1');
INSERT INTO SYSTEM.CORE_CONTACT (ID_CONTACT,NICKNAME_OWNER,BUSINESS_NAME,TRADENAME,FIRSTNAMES,LASTNAMES,TYPE_USER,DESCRIPTION,OBSERVATIONS,OBJECTIVE,CREATION_DATE,STATE,ERASED) values ('3','NICKNAME_OWNER_3','BUSINESS_NAME_3','OMAR JOEL','FIRSTNAMES_3','LASTNAMES_3','TYPE_USER_3','DESCRIPTION_3','OBSERVATIONS_3','OBJECTIVE_3',to_timestamp_tz('27/08/22 11:59:20,000000000 AMERICA/BOGOTA','DD/MM/RR HH24:MI:SSXFF TZR'),'1','1');
INSERT INTO SYSTEM.CORE_CONTACT (ID_CONTACT,NICKNAME_OWNER,BUSINESS_NAME,TRADENAME,FIRSTNAMES,LASTNAMES,TYPE_USER,DESCRIPTION,OBSERVATIONS,OBJECTIVE,CREATION_DATE,STATE,ERASED) values ('4','NICKNAME_OWNER_4','BUSINESS_NAME_4','ALEX CRUCES','FIRSTNAMES_4','LASTNAMES_4','TYPE_USER_4','DESCRIPTION_4','OBSERVATIONS_4','OBJECTIVE_4',to_timestamp_tz('27/08/22 11:59:20,000000000 AMERICA/BOGOTA','DD/MM/RR HH24:MI:SSXFF TZR'),'1','1');
INSERT INTO SYSTEM.CORE_CONTACT (ID_CONTACT,NICKNAME_OWNER,BUSINESS_NAME,TRADENAME,FIRSTNAMES,LASTNAMES,TYPE_USER,DESCRIPTION,OBSERVATIONS,OBJECTIVE,CREATION_DATE,STATE,ERASED) values ('5','NICKNAME_OWNER_5','BUSINESS_NAME_5','LUXE CORONADO','FIRSTNAMES_5','LASTNAMES_5','TYPE_USER_5','DESCRIPTION_5','OBSERVATIONS_5','OBJECTIVE_5',to_timestamp_tz('27/08/22 11:59:20,000000000 AMERICA/BOGOTA','DD/MM/RR HH24:MI:SSXFF TZR'),'1','1');
INSERT INTO SYSTEM.CORE_CONTACT (ID_CONTACT,NICKNAME_OWNER,BUSINESS_NAME,TRADENAME,FIRSTNAMES,LASTNAMES,TYPE_USER,DESCRIPTION,OBSERVATIONS,OBJECTIVE,CREATION_DATE,STATE,ERASED) values ('6','NICKNAME_OWNER_6','BUSINESS_NAME_6','JESUS RUIZ','FIRSTNAMES_6','LASTNAMES_6','TYPE_USER_6','DESCRIPTION_6','OBSERVATIONS_6','OBJECTIVE_6',to_timestamp_tz('27/08/22 11:59:20,000000000 AMERICA/BOGOTA','DD/MM/RR HH24:MI:SSXFF TZR'),'1','1');

/*
#######################################################################################################
DATA FROM "SYSTEM"."CORE_PRODUCTTYPE"
#######################################################################################################
*/
INSERT INTO SYSTEM.CORE_PRODUCTTYPE ("ID_PRODUCT_TYPE", "NICKNAME_OWNER","PRODUCT_TYPE_NAME","PRODUCT_TYPE_TITLE","ID_EXTERNAL","NICKNAME_CREATOR","CREATION_DATE","ISPUBLIC","STATE","ERASED") VALUES ('1','NICKNAME_OWNER_1','CARNE','CARNE',1,'NICKNAME_CREATOR_1',to_timestamp_tz('27/08/22 11:59:20,000000000 AMERICA/BOGOTA','DD/MM/RR HH24:MI:SSXFF TZR'),'1','1','1');
INSERT INTO SYSTEM.CORE_PRODUCTTYPE ("ID_PRODUCT_TYPE", "NICKNAME_OWNER","PRODUCT_TYPE_NAME","PRODUCT_TYPE_TITLE","ID_EXTERNAL","NICKNAME_CREATOR","CREATION_DATE","ISPUBLIC","STATE","ERASED") VALUES ('2','NICKNAME_OWNER_2','LECHE','LECHE',2,'NICKNAME_CREATOR_2',to_timestamp_tz('27/08/22 11:59:20,000000000 AMERICA/BOGOTA','DD/MM/RR HH24:MI:SSXFF TZR'),'1','1','1');
INSERT INTO SYSTEM.CORE_PRODUCTTYPE ("ID_PRODUCT_TYPE", "NICKNAME_OWNER","PRODUCT_TYPE_NAME","PRODUCT_TYPE_TITLE","ID_EXTERNAL","NICKNAME_CREATOR","CREATION_DATE","ISPUBLIC","STATE","ERASED") VALUES ('3','NICKNAME_OWNER_3','DULCES','DULCES',3,'NICKNAME_CREATOR_3',to_timestamp_tz('27/08/22 11:59:20,000000000 AMERICA/BOGOTA','DD/MM/RR HH24:MI:SSXFF TZR'),'1','1','1');
INSERT INTO SYSTEM.CORE_PRODUCTTYPE ("ID_PRODUCT_TYPE", "NICKNAME_OWNER","PRODUCT_TYPE_NAME","PRODUCT_TYPE_TITLE","ID_EXTERNAL","NICKNAME_CREATOR","CREATION_DATE","ISPUBLIC","STATE","ERASED") VALUES ('4','NICKNAME_OWNER_4','CEREAL','CEREAL',4,'NICKNAME_CREATOR_4',to_timestamp_tz('27/08/22 11:59:20,000000000 AMERICA/BOGOTA','DD/MM/RR HH24:MI:SSXFF TZR'),'1','1','1');

/*
#######################################################################################################
DATA FROM "SYSTEM"."CORE_PRODUCT"
#######################################################################################################
*/
INSERT INTO SYSTEM.CORE_PRODUCT ("ID_PRODUCT","NICKNAME_OWNER","PRODUCT_NAME","PRODUCT_TITLE","DESCRIPTION","OBSERVATIONS","STOCK_MIN","STOCK_MAX",	"PRICE","ID_PRODUCT_TYPE","NICKNAME_OWNER_TYPE","NICKNAME_CREATOR","CREATION_DATE","STATE","ERASED") VALUES ('1','DISNOVO','PRODUCT_NAME_1','PRODUCT_TITLE_1','DESCRIPTION_1','OBSERVATIONS_1','1','1',11.00,'1','NICKNAME_OWNER_1','NICKNAME_CREATOR_1',to_timestamp_tz('27/08/22 11:59:20,000000000 AMERICA/BOGOTA','DD/MM/RR HH24:MI:SSXFF TZR'),'1','1');
INSERT INTO SYSTEM.CORE_PRODUCT ("ID_PRODUCT","NICKNAME_OWNER","PRODUCT_NAME","PRODUCT_TITLE","DESCRIPTION","OBSERVATIONS","STOCK_MIN","STOCK_MAX",	"PRICE","ID_PRODUCT_TYPE","NICKNAME_OWNER_TYPE","NICKNAME_CREATOR","CREATION_DATE","STATE","ERASED") VALUES ('2','DISNOVO','PRODUCT_NAME_2','PRODUCT_TITLE_2','DESCRIPTION_2','OBSERVATIONS_2','2','2',22.00,'1','NICKNAME_OWNER_1','NICKNAME_CREATOR_2',to_timestamp_tz('27/08/22 11:59:20,000000000 AMERICA/BOGOTA','DD/MM/RR HH24:MI:SSXFF TZR'),'1','1');
INSERT INTO SYSTEM.CORE_PRODUCT ("ID_PRODUCT","NICKNAME_OWNER","PRODUCT_NAME","PRODUCT_TITLE","DESCRIPTION","OBSERVATIONS","STOCK_MIN","STOCK_MAX",	"PRICE","ID_PRODUCT_TYPE","NICKNAME_OWNER_TYPE","NICKNAME_CREATOR","CREATION_DATE","STATE","ERASED") VALUES ('3','DISNOVO','PRODUCT_NAME_3','PRODUCT_TITLE_3','DESCRIPTION_3','OBSERVATIONS_3','3','3',33.00,'2','NICKNAME_OWNER_2','NICKNAME_CREATOR_3',to_timestamp_tz('27/08/22 11:59:20,000000000 AMERICA/BOGOTA','DD/MM/RR HH24:MI:SSXFF TZR'),'1','1');
INSERT INTO SYSTEM.CORE_PRODUCT ("ID_PRODUCT","NICKNAME_OWNER","PRODUCT_NAME","PRODUCT_TITLE","DESCRIPTION","OBSERVATIONS","STOCK_MIN","STOCK_MAX",	"PRICE","ID_PRODUCT_TYPE","NICKNAME_OWNER_TYPE","NICKNAME_CREATOR","CREATION_DATE","STATE","ERASED") VALUES ('4','DISNOVO','PRODUCT_NAME_4','PRODUCT_TITLE_4','DESCRIPTION_4','OBSERVATIONS_4','4','4',44.00,'2','NICKNAME_OWNER_2','NICKNAME_CREATOR_4',to_timestamp_tz('27/08/22 11:59:20,000000000 AMERICA/BOGOTA','DD/MM/RR HH24:MI:SSXFF TZR'),'1','1');
INSERT INTO SYSTEM.CORE_PRODUCT ("ID_PRODUCT","NICKNAME_OWNER","PRODUCT_NAME","PRODUCT_TITLE","DESCRIPTION","OBSERVATIONS","STOCK_MIN","STOCK_MAX",	"PRICE","ID_PRODUCT_TYPE","NICKNAME_OWNER_TYPE","NICKNAME_CREATOR","CREATION_DATE","STATE","ERASED") VALUES ('5','DISNOVO','PRODUCT_NAME_5','PRODUCT_TITLE_5','DESCRIPTION_5','OBSERVATIONS_5','5','5',55.00,'2','NICKNAME_OWNER_2','NICKNAME_CREATOR_5',to_timestamp_tz('27/08/22 11:59:20,000000000 AMERICA/BOGOTA','DD/MM/RR HH24:MI:SSXFF TZR'),'1','1');
INSERT INTO SYSTEM.CORE_PRODUCT ("ID_PRODUCT","NICKNAME_OWNER","PRODUCT_NAME","PRODUCT_TITLE","DESCRIPTION","OBSERVATIONS","STOCK_MIN","STOCK_MAX",	"PRICE","ID_PRODUCT_TYPE","NICKNAME_OWNER_TYPE","NICKNAME_CREATOR","CREATION_DATE","STATE","ERASED") VALUES ('6','DISNOVO','PRODUCT_NAME_6','PRODUCT_TITLE_6','DESCRIPTION_6','OBSERVATIONS_6','6','6',66.00,'3','NICKNAME_OWNER_3','NICKNAME_CREATOR_6',to_timestamp_tz('27/08/22 11:59:20,000000000 AMERICA/BOGOTA','DD/MM/RR HH24:MI:SSXFF TZR'),'1','1');
INSERT INTO SYSTEM.CORE_PRODUCT ("ID_PRODUCT","NICKNAME_OWNER","PRODUCT_NAME","PRODUCT_TITLE","DESCRIPTION","OBSERVATIONS","STOCK_MIN","STOCK_MAX",	"PRICE","ID_PRODUCT_TYPE","NICKNAME_OWNER_TYPE","NICKNAME_CREATOR","CREATION_DATE","STATE","ERASED") VALUES ('7','DISNOVO','PRODUCT_NAME_7','PRODUCT_TITLE_7','DESCRIPTION_7','OBSERVATIONS_7','7','7',77.00,'4','NICKNAME_OWNER_4','NICKNAME_CREATOR_7',to_timestamp_tz('27/08/22 11:59:20,000000000 AMERICA/BOGOTA','DD/MM/RR HH24:MI:SSXFF TZR'),'1','1');



/*
#######################################################################################################
DATA FROM "SYSTEM"."CORE_TRANSACTIONTYPE"
#######################################################################################################
*/
INSERT INTO "SYSTEM"."CORE_TRANSACTIONTYPE" ("ID_TRANSACTION_TYPE","NICKNAME_OWNER","TRANSACTION_TYPE_NAME","TRANSACTION_TYPE_TITLE","ISSUBTYPE","DESCRIPTION","ID_EXTERNAL","NICKNAME_CREATOR","CREATION_DATE") VALUES ('1','NICKNAME_OWNER_1','VENTA','TRANSACTION_TYPE_TITLE_1','1','DESCRIPTION_1','1','NICKNAME_CREATOR_1',to_timestamp_tz('27/08/22 11:59:20,000000000 AMERICA/BOGOTA','DD/MM/RR HH24:MI:SSXFF TZR'));
INSERT INTO "SYSTEM"."CORE_TRANSACTIONTYPE" ("ID_TRANSACTION_TYPE","NICKNAME_OWNER","TRANSACTION_TYPE_NAME","TRANSACTION_TYPE_TITLE","ISSUBTYPE","DESCRIPTION","ID_EXTERNAL","NICKNAME_CREATOR","CREATION_DATE") VALUES ('2','NICKNAME_OWNER_2','VENTA','TRANSACTION_TYPE_TITLE_2','1','DESCRIPTION_2','2','NICKNAME_CREATOR_2',to_timestamp_tz('27/08/22 11:59:20,000000000 AMERICA/BOGOTA','DD/MM/RR HH24:MI:SSXFF TZR'));
INSERT INTO "SYSTEM"."CORE_TRANSACTIONTYPE" ("ID_TRANSACTION_TYPE","NICKNAME_OWNER","TRANSACTION_TYPE_NAME","TRANSACTION_TYPE_TITLE","ISSUBTYPE","DESCRIPTION","ID_EXTERNAL","NICKNAME_CREATOR","CREATION_DATE") VALUES ('3','NICKNAME_OWNER_3','VENTA','TRANSACTION_TYPE_TITLE_3','1','DESCRIPTION_3','3','NICKNAME_CREATOR_3',to_timestamp_tz('27/08/22 11:59:20,000000000 AMERICA/BOGOTA','DD/MM/RR HH24:MI:SSXFF TZR'));
INSERT INTO "SYSTEM"."CORE_TRANSACTIONTYPE" ("ID_TRANSACTION_TYPE","NICKNAME_OWNER","TRANSACTION_TYPE_NAME","TRANSACTION_TYPE_TITLE","ISSUBTYPE","DESCRIPTION","ID_EXTERNAL","NICKNAME_CREATOR","CREATION_DATE") VALUES ('4','NICKNAME_OWNER_4','VENTA','TRANSACTION_TYPE_TITLE_4','1','DESCRIPTION_4','4','NICKNAME_CREATOR_4',to_timestamp_tz('27/08/22 11:59:20,000000000 AMERICA/BOGOTA','DD/MM/RR HH24:MI:SSXFF TZR'));
INSERT INTO "SYSTEM"."CORE_TRANSACTIONTYPE" ("ID_TRANSACTION_TYPE","NICKNAME_OWNER","TRANSACTION_TYPE_NAME","TRANSACTION_TYPE_TITLE","ISSUBTYPE","DESCRIPTION","ID_EXTERNAL","NICKNAME_CREATOR","CREATION_DATE") VALUES ('5','NICKNAME_OWNER_5','VENTA','TRANSACTION_TYPE_TITLE_5','1','DESCRIPTION_5','5','NICKNAME_CREATOR_5',to_timestamp_tz('27/08/22 11:59:20,000000000 AMERICA/BOGOTA','DD/MM/RR HH24:MI:SSXFF TZR'));
INSERT INTO "SYSTEM"."CORE_TRANSACTIONTYPE" ("ID_TRANSACTION_TYPE","NICKNAME_OWNER","TRANSACTION_TYPE_NAME","TRANSACTION_TYPE_TITLE","ISSUBTYPE","DESCRIPTION","ID_EXTERNAL","NICKNAME_CREATOR","CREATION_DATE") VALUES ('6','NICKNAME_OWNER_6','VENTA','TRANSACTION_TYPE_TITLE_6','1','DESCRIPTION_6','6','NICKNAME_CREATOR_6',to_timestamp_tz('27/08/22 11:59:20,000000000 AMERICA/BOGOTA','DD/MM/RR HH24:MI:SSXFF TZR'));
INSERT INTO "SYSTEM"."CORE_TRANSACTIONTYPE" ("ID_TRANSACTION_TYPE","NICKNAME_OWNER","TRANSACTION_TYPE_NAME","TRANSACTION_TYPE_TITLE","ISSUBTYPE","DESCRIPTION","ID_EXTERNAL","NICKNAME_CREATOR","CREATION_DATE") VALUES ('7','NICKNAME_OWNER_7','TRANSACTION_TYPE_NAME_7','TRANSACTION_TYPE_TITLE_7','1','DESCRIPTION_7','7','NICKNAME_CREATOR_7',to_timestamp_tz('27/08/22 11:59:20,000000000 AMERICA/BOGOTA','DD/MM/RR HH24:MI:SSXFF TZR')); 

/*
#######################################################################################################
DATA FROM "SYSTEM"."CORE_TRANSACTION"
#######################################################################################################
*/
INSERT INTO "SYSTEM"."CORE_TRANSACTION" (
	"ID_TRANSACTION",
	"NICKNAME_OWNER",
	"TRANSACTION_NAME", 
	"TRANSACTION_TITLE",
	"ID_TRANSACTION_TYPE",
	"NICKNAME_OWNER_TYPE",
	"ID_CONTACT",
	"NICKNAME_OWNER_CONTACT",
	"START_DATE_FULL",
	"START_DATE",
	"START_YEAR",
	"START_MONTH",
	"START_WEEK",
	"START_DAY",
	"START_TIME",
	"TRANSACTION_PROBABILITY",
	"TRANSACTION_PREVALUE",
	"TRANSACTION_DISCOUNT",
	"TRANSACTION_CHARGE",
	"TRANSACTION_VALUE",
	"TRANSACTION_TAXPERCENTAGE",
	"TRANSACTION_TAX",
	"TRANSACTION_TOTAL",
	"TRANSACTION_BALANCE",
	"ID_EXTERNAL",
	"COMMENTARY",
	"DESCRIPTION",
	"OBSERVATION",
	"OBJECTIVE",
	"OBJECTIVE_COMPLETED",
	"NICKNAME_CREATOR",
	"CREATION_DATE",
	"STATE","ERASED") 
VALUES ('1','NICKNAME_OWNER_1','TRANSACTION_NAME_1','TRANSACTION_TITLE_1','1','NICKNAME_OWNER_1','1','NICKNAME_OWNER_1',
	TO_DATE('2022/08/27 21:02:44', 'yyyy/mm/dd hh24:mi:ss'),TO_DATE('2022/08/27','yyyy/mm/dd'),
	'2022',
	'08',
	'4',
	'27',
	TO_DATE('210244','HH24MISS'),
	1.00,
	10.00,
	1.00,
	1.00,
	10.00,
	1.00,
	1.00,
	11.00,
	11.00,
	1,
	'COMMENTARY_1',
	'DESCRIPTION_1',
	'OBSERVATION_1',
	'OBJECTIVE_1',
	'1',
	'NICKNAME_CREATOR_1',
	TO_TIMESTAMP_TZ('27/08/22 11:59:20,000000000 AMERICA/BOGOTA','DD/MM/RR HH24:MI:SSXFF TZR'),
	'1',
	'1');
	
INSERT INTO "SYSTEM"."CORE_TRANSACTION" (
	"ID_TRANSACTION",
	"NICKNAME_OWNER",
	"TRANSACTION_NAME", 
	"TRANSACTION_TITLE",
	"ID_TRANSACTION_TYPE", 
	"NICKNAME_OWNER_TYPE",
	"ID_CONTACT", 
	"NICKNAME_OWNER_CONTACT", 
	"START_DATE_FULL", 
	"START_DATE", 
	"START_YEAR",
	"START_MONTH",
	"START_WEEK",
	"START_DAY",
	"START_TIME",
	"TRANSACTION_PROBABILITY",
	"TRANSACTION_PREVALUE",
	"TRANSACTION_DISCOUNT",
	"TRANSACTION_CHARGE",
	"TRANSACTION_VALUE",
	"TRANSACTION_TAXPERCENTAGE",
	"TRANSACTION_TAX",
	"TRANSACTION_TOTAL",
	"TRANSACTION_BALANCE",
	"ID_EXTERNAL",
	"COMMENTARY",
	"DESCRIPTION",
	"OBSERVATION",
	"OBJECTIVE",
	"OBJECTIVE_COMPLETED",
	"NICKNAME_CREATOR",
	"CREATION_DATE",
	"STATE",
	"ERASED"
	)
 VALUES ('2','NICKNAME_OWNER_2','TRANSACTION_NAME_2','TRANSACTION_TITLE_2','2','NICKNAME_OWNER_2','2','NICKNAME_OWNER_2',
	 TO_DATE('2022/08/28 21:02:44', 'yyyy/mm/dd hh24:mi:ss'),
	 TO_DATE('2022/08/28','yyyy/mm/dd'),
	 '2022',
	 '08',
	 '4',
	 '28',
	 TO_DATE('210244','HH24MISS'),
	 2.00,
	 20.00,
	 2.00,
	 2.00,
	 20.00,
	 2.00,
	 2.00,
	 22.00,
	 22.00,
	 '2',
	 'COMMENTARY_2',
	 'DESCRIPTION_2',
	 'OBSERVATION_2',
	 'OBJECTIVE_2',
	 '1',
	 'NICKNAME_CREATOR_2',
	 TO_TIMESTAMP_TZ('28/08/22 11:59:20,000000000 AMERICA/BOGOTA','DD/MM/RR HH24:MI:SSXFF TZR'),
	 '1',
	 '1'
 );
 
INSERT INTO "SYSTEM"."CORE_TRANSACTION" (
	"ID_TRANSACTION",
	"NICKNAME_OWNER",
	"TRANSACTION_NAME", 
	"TRANSACTION_TITLE",
	"ID_TRANSACTION_TYPE", 
	"NICKNAME_OWNER_TYPE",
	"ID_CONTACT", 
	"NICKNAME_OWNER_CONTACT", 
	"START_DATE_FULL", 
	"START_DATE", 
	"START_YEAR",
	"START_MONTH",
	"START_WEEK",
	"START_DAY",
	"START_TIME",
	"TRANSACTION_PROBABILITY",
	"TRANSACTION_PREVALUE",
	"TRANSACTION_DISCOUNT",
	"TRANSACTION_CHARGE",
	"TRANSACTION_VALUE",
	"TRANSACTION_TAXPERCENTAGE",
	"TRANSACTION_TAX",
	"TRANSACTION_TOTAL",
	"TRANSACTION_BALANCE",
	"ID_EXTERNAL",
	"COMMENTARY",
	"DESCRIPTION",
	"OBSERVATION",
	"OBJECTIVE",
	"OBJECTIVE_COMPLETED",
	"NICKNAME_CREATOR",
	"CREATION_DATE",
	"STATE",
	"ERASED"
	)
 VALUES ('3','NICKNAME_OWNER_3','TRANSACTION_NAME_3','TRANSACTION_TITLE_3','3','NICKNAME_OWNER_3','3','NICKNAME_OWNER_3',
	 TO_DATE('2022/08/29 21:02:44', 'yyyy/mm/dd hh24:mi:ss'),
	 TO_DATE('2022/08/29','yyyy/mm/dd'),
	 '2022',
	 '08',
	 '4',
	 '29',
	 TO_DATE('210244','HH24MISS'),
	 3.00,
	 30.00,
	 3.00,
	 3.00,
	 30.00,
	 3.00,
	 3.00,
	 33.00,
	 33.00,
	 '1',
	 'COMMENTARY_3',
	 'DESCRIPTION_3',
	 'OBSERVATION_3',
	 'OBJECTIVE_3',
	 '1',
	 'NICKNAME_CREATOR_3',
	 TO_TIMESTAMP_TZ('29/08/22 11:59:20,000000000 AMERICA/BOGOTA','DD/MM/RR HH24:MI:SSXFF TZR'),
	 '1',
	 '1'
 );
 
INSERT INTO "SYSTEM"."CORE_TRANSACTION" (
	"ID_TRANSACTION",
	"NICKNAME_OWNER",
	"TRANSACTION_NAME", 
	"TRANSACTION_TITLE",
	"ID_TRANSACTION_TYPE", 
	"NICKNAME_OWNER_TYPE",
	"ID_CONTACT", 
	"NICKNAME_OWNER_CONTACT", 
	"START_DATE_FULL", 
	"START_DATE", 
	"START_YEAR",
	"START_MONTH",
	"START_WEEK",
	"START_DAY",
	"START_TIME",
	"TRANSACTION_PROBABILITY",
	"TRANSACTION_PREVALUE",
	"TRANSACTION_DISCOUNT",
	"TRANSACTION_CHARGE",
	"TRANSACTION_VALUE",
	"TRANSACTION_TAXPERCENTAGE",
	"TRANSACTION_TAX",
	"TRANSACTION_TOTAL",
	"TRANSACTION_BALANCE",
	"ID_EXTERNAL",
	"COMMENTARY",
	"DESCRIPTION",
	"OBSERVATION",
	"OBJECTIVE",
	"OBJECTIVE_COMPLETED",
	"NICKNAME_CREATOR",
	"CREATION_DATE",
	"STATE",
	"ERASED"
	)
 VALUES ('4','NICKNAME_OWNER_4','TRANSACTION_NAME_4','TRANSACTION_TITLE_4','4','NICKNAME_OWNER_4','3','NICKNAME_OWNER_3',
	 TO_DATE('2022/08/29 21:02:44', 'yyyy/mm/dd hh24:mi:ss'),
	 TO_DATE('2022/08/29','yyyy/mm/dd'),
	 '2022',
	 '08',
	 '4',
	 '29',
	 TO_DATE('210244','HH24MISS'),
	 4.00,
	 40.00,
	 4.00,
	 4.00,
	 40.00,
	 4.00,
	 4.00,
	 44.00,
	 44.00,
	 '1',
	 'COMMENTARY_4',
	 'DESCRIPTION_4',
	 'OBSERVATION_4',
	 'OBJECTIVE_4',
	 '1',
	 'NICKNAME_CREATOR_4',
	 TO_TIMESTAMP_TZ('29/08/22 11:59:20,000000000 AMERICA/BOGOTA','DD/MM/RR HH24:MI:SSXFF TZR'),
	 '1',
	 '1'
 );
 
 
/*
#######################################################################################################
DATA FROM "SYSTEM"."CORE_TRANSACTIONDETAIL"
#######################################################################################################
*/

INSERT INTO "SYSTEM"."CORE_TRANSACTIONDETAIL" (
	"ID_TRANSACTION",
	"NICKNAME_OWNER_TRANSACTION",
	"ID_PRODUCT",
	"NICKNAME_OWNER_PRODUCT",
	"ID_ITEM",
	"PRICE",
	"QUANTITY",
	"TRANSACTIONDETAIL_DISCOUNT",
	"TRANSACTIONDETAIL_DISCOUNTPERCENTAGE",
	"TRANSACTIONDETAIL_CHARGE",
	"TRANSACTIONDETAIL_CHARGEPERCENTAGE",
	"TRANSACTIONDETAIL_TAXPERCENTAGE",
	"TRANSACTIONDETAIL_TAX",
	"TRANSACTIONDETAIL_BALANCE",
	"DESCRIPTION",
	"COMMENTARY",
	"STATE",
	"ERASED")
VALUES ('1','NICKNAME_OWNER_1','1','DISNOVO','1',
 10.00,
 1.00,
 1.00,
 1.00,
 1.00,
 1.00,
 1.00,
 1.00,
 11.00,
 'DESCRIPTION_1',
 'COMMENTARY_1',
 '1',
 '1'
 );
 
INSERT INTO "SYSTEM"."CORE_TRANSACTIONDETAIL" (
	"ID_TRANSACTION",
	"NICKNAME_OWNER_TRANSACTION",
	"ID_PRODUCT",
	"NICKNAME_OWNER_PRODUCT",
	"ID_ITEM",
	"PRICE",
	"QUANTITY",
	"TRANSACTIONDETAIL_DISCOUNT",
	"TRANSACTIONDETAIL_DISCOUNTPERCENTAGE",
	"TRANSACTIONDETAIL_CHARGE",
	"TRANSACTIONDETAIL_CHARGEPERCENTAGE",
	"TRANSACTIONDETAIL_TAXPERCENTAGE",
	"TRANSACTIONDETAIL_TAX",
	"TRANSACTIONDETAIL_BALANCE",
	"DESCRIPTION",
	"COMMENTARY",
	"STATE",
	"ERASED")
VALUES ('1','NICKNAME_OWNER_1','3','DISNOVO','3',
 30.00,
 3.00,
 3.00,
 3.00,
 3.00,
 3.00,
 3.00,
 3.00,
 30.00,
 'DESCRIPTION_3',
 'COMMENTARY_3',
 '1',
 '1'
 );
 
INSERT INTO "SYSTEM"."CORE_TRANSACTIONDETAIL" (
	"ID_TRANSACTION",
	"NICKNAME_OWNER_TRANSACTION",
	"ID_PRODUCT",
	"NICKNAME_OWNER_PRODUCT",
	"ID_ITEM",
	"PRICE",
	"QUANTITY",
	"TRANSACTIONDETAIL_DISCOUNT",
	"TRANSACTIONDETAIL_DISCOUNTPERCENTAGE",
	"TRANSACTIONDETAIL_CHARGE",
	"TRANSACTIONDETAIL_CHARGEPERCENTAGE",
	"TRANSACTIONDETAIL_TAXPERCENTAGE",
	"TRANSACTIONDETAIL_TAX",
	"TRANSACTIONDETAIL_BALANCE",
	"DESCRIPTION",
	"COMMENTARY",
	"STATE",
	"ERASED")
VALUES ('1','NICKNAME_OWNER_1','2','DISNOVO','2',
 20.00,
 2.00,
 2.00,
 2.00,
 2.00,
 2.00,
 2.00,
 2.00,
 20.00,
 'DESCRIPTION_2',
 'COMMENTARY_2',
 '1',
 '1'
 );
 
INSERT INTO "SYSTEM"."CORE_TRANSACTIONDETAIL" (
	"ID_TRANSACTION",
	"NICKNAME_OWNER_TRANSACTION",
	"ID_PRODUCT",
	"NICKNAME_OWNER_PRODUCT",
	"ID_ITEM",
	"PRICE",
	"QUANTITY",
	"TRANSACTIONDETAIL_DISCOUNT",
	"TRANSACTIONDETAIL_DISCOUNTPERCENTAGE",
	"TRANSACTIONDETAIL_CHARGE",
	"TRANSACTIONDETAIL_CHARGEPERCENTAGE",
	"TRANSACTIONDETAIL_TAXPERCENTAGE",
	"TRANSACTIONDETAIL_TAX",
	"TRANSACTIONDETAIL_BALANCE",
	"DESCRIPTION",
	"COMMENTARY",
	"STATE",
	"ERASED")
VALUES ('2','NICKNAME_OWNER_2','4','DISNOVO','4',
 40.00,
 4.00,
 4.00,
 4.00,
 4.00,
 4.00,
 4.00,
 4.00,
 4.00,
 'DESCRIPTION_4',
 'COMMENTARY_4',
 '1',
 '1'
 );
 
 